{
  "generatedAt": "2026-07-15",
  "implementation": "deterministic JavaScript reference study",
  "resolution": [
    512,
    512
  ],
  "keyAnglesDegrees": [
    0,
    15,
    30,
    45,
    60,
    75,
    90
  ],
  "evaluationAnglesDegrees": "1..89 in one-degree increments",
  "scenes": {
    "linear": {
      "label": "一定速度の直線",
      "methods": {
        "nearestKey": {
          "meanPixelErrorPercent": 3.362008426966292,
          "worstPixelErrorPercent": 6.25,
          "meanIoU": 0.9141202225029613,
          "temporalChangeStdDevPercent": 3.3292505197048863,
          "peakOneDegreeChangePercent": 13.4765625
        },
        "pixelLinear": {
          "meanPixelErrorPercent": 3.362008426966292,
          "worstPixelErrorPercent": 6.25,
          "meanIoU": 0.9141202225029613,
          "temporalChangeStdDevPercent": 3.3292505197048863,
          "peakOneDegreeChangePercent": 13.4765625
        },
        "blurredCumulative": {
          "meanPixelErrorPercent": 6.730600421348315,
          "worstPixelErrorPercent": 11.9140625,
          "meanIoU": 0.8248150578712068,
          "temporalChangeStdDevPercent": 2.5467483684341303,
          "peakOneDegreeChangePercent": 10.546875
        },
        "sdfDistanceRatio": {
          "meanPixelErrorPercent": 0.061446629213483143,
          "worstPixelErrorPercent": 0.1953125,
          "meanIoU": 0.9980795743009214,
          "temporalChangeStdDevPercent": 0.09705156152342845,
          "peakOneDegreeChangePercent": 0.9765625
        }
      }
    },
    "nonlinear-arc": {
      "label": "速度が変わる曲線",
      "methods": {
        "nearestKey": {
          "meanPixelErrorPercent": 3.952197814255618,
          "worstPixelErrorPercent": 11.872100830078125,
          "meanIoU": 0.8712797917983969,
          "temporalChangeStdDevPercent": 4.038138949000077,
          "peakOneDegreeChangePercent": 21.596527099609375
        },
        "pixelLinear": {
          "meanPixelErrorPercent": 3.952197814255618,
          "worstPixelErrorPercent": 11.872100830078125,
          "meanIoU": 0.8712797917983969,
          "temporalChangeStdDevPercent": 4.038138949000077,
          "peakOneDegreeChangePercent": 21.596527099609375
        },
        "blurredCumulative": {
          "meanPixelErrorPercent": 8.26587462693118,
          "worstPixelErrorPercent": 20.418548583984375,
          "meanIoU": 0.7472247095176534,
          "temporalChangeStdDevPercent": 2.788684709320402,
          "peakOneDegreeChangePercent": 18.4600830078125
        },
        "sdfDistanceRatio": {
          "meanPixelErrorPercent": 0.7095508361130618,
          "worstPixelErrorPercent": 3.7628173828125,
          "meanIoU": 0.9576282600863446,
          "temporalChangeStdDevPercent": 0.35150069511846627,
          "peakOneDegreeChangePercent": 1.8218994140625
        }
      }
    },
    "concave": {
      "label": "凹形状",
      "methods": {
        "nearestKey": {
          "meanPixelErrorPercent": 3.829398851716117,
          "worstPixelErrorPercent": 8.2244873046875,
          "meanIoU": 0.8911540170973755,
          "temporalChangeStdDevPercent": 3.840368983341621,
          "peakOneDegreeChangePercent": 17.205810546875
        },
        "pixelLinear": {
          "meanPixelErrorPercent": 3.829398851716117,
          "worstPixelErrorPercent": 8.2244873046875,
          "meanIoU": 0.8911540170973755,
          "temporalChangeStdDevPercent": 3.840368983341621,
          "peakOneDegreeChangePercent": 17.205810546875
        },
        "blurredCumulative": {
          "meanPixelErrorPercent": 7.779950774117802,
          "worstPixelErrorPercent": 10.250091552734375,
          "meanIoU": 0.7663006062709891,
          "temporalChangeStdDevPercent": 0.8360846110305232,
          "peakOneDegreeChangePercent": 5.34820556640625
        },
        "sdfDistanceRatio": {
          "meanPixelErrorPercent": 0.9635625260599544,
          "worstPixelErrorPercent": 4.920196533203125,
          "meanIoU": 0.9751297685786945,
          "temporalChangeStdDevPercent": 0.4997118785490852,
          "peakOneDegreeChangePercent": 4.1690826416015625
        }
      }
    },
    "topology": {
      "label": "成分の出現と結合",
      "methods": {
        "nearestKey": {
          "meanPixelErrorPercent": 2.902718876185042,
          "worstPixelErrorPercent": 8.571624755859375,
          "meanIoU": 0.7773108692963236,
          "temporalChangeStdDevPercent": 3.309439537923627,
          "peakOneDegreeChangePercent": 18.11981201171875
        },
        "pixelLinear": {
          "meanPixelErrorPercent": 2.902718876185042,
          "worstPixelErrorPercent": 8.571624755859375,
          "meanIoU": 0.7773108692963236,
          "temporalChangeStdDevPercent": 3.309439537923627,
          "peakOneDegreeChangePercent": 18.11981201171875
        },
        "blurredCumulative": {
          "meanPixelErrorPercent": 5.507548471515098,
          "worstPixelErrorPercent": 13.76800537109375,
          "meanIoU": 0.597045133787401,
          "temporalChangeStdDevPercent": 1.9206237711402723,
          "peakOneDegreeChangePercent": 10.710906982421875
        },
        "sdfDistanceRatio": {
          "meanPixelErrorPercent": 0.17631616485252807,
          "worstPixelErrorPercent": 1.068115234375,
          "meanIoU": 0.9163642382015157,
          "temporalChangeStdDevPercent": 0.44326977447587634,
          "peakOneDegreeChangePercent": 1.31988525390625
        }
      }
    },
    "image-edge": {
      "label": "画像端を横切る形状",
      "methods": {
        "nearestKey": {
          "meanPixelErrorPercent": 3.2727959450711026,
          "worstPixelErrorPercent": 8.071136474609375,
          "meanIoU": 0.8486692967564453,
          "temporalChangeStdDevPercent": 3.363464305258663,
          "peakOneDegreeChangePercent": 16.57867431640625
        },
        "pixelLinear": {
          "meanPixelErrorPercent": 3.2727959450711026,
          "worstPixelErrorPercent": 8.071136474609375,
          "meanIoU": 0.8486692967564453,
          "temporalChangeStdDevPercent": 3.363464305258663,
          "peakOneDegreeChangePercent": 16.57867431640625
        },
        "blurredCumulative": {
          "meanPixelErrorPercent": 6.39042372114203,
          "worstPixelErrorPercent": 13.836669921875,
          "meanIoU": 0.7062596384692634,
          "temporalChangeStdDevPercent": 2.4368136937548375,
          "peakOneDegreeChangePercent": 12.366485595703125
        },
        "sdfDistanceRatio": {
          "meanPixelErrorPercent": 0.07061904735779494,
          "worstPixelErrorPercent": 0.351715087890625,
          "meanIoU": 0.9965887456184102,
          "temporalChangeStdDevPercent": 0.23009039646965196,
          "peakOneDegreeChangePercent": 1.226806640625
        }
      }
    },
    "thin-branch": {
      "label": "細線と分岐",
      "methods": {
        "nearestKey": {
          "meanPixelErrorPercent": 1.250543487205934,
          "worstPixelErrorPercent": 3.363800048828125,
          "meanIoU": 0.8194038010768157,
          "temporalChangeStdDevPercent": 1.328986139962616,
          "peakOneDegreeChangePercent": 7.098388671875
        },
        "pixelLinear": {
          "meanPixelErrorPercent": 1.250543487205934,
          "worstPixelErrorPercent": 3.363800048828125,
          "meanIoU": 0.8194038010768157,
          "temporalChangeStdDevPercent": 1.328986139962616,
          "peakOneDegreeChangePercent": 7.098388671875
        },
        "blurredCumulative": {
          "meanPixelErrorPercent": 2.3791538195663624,
          "worstPixelErrorPercent": 4.25567626953125,
          "meanIoU": 0.6909618919671033,
          "temporalChangeStdDevPercent": 0.24900574636885275,
          "peakOneDegreeChangePercent": 1.416778564453125
        },
        "sdfDistanceRatio": {
          "meanPixelErrorPercent": 0.28914976655767205,
          "worstPixelErrorPercent": 1.111602783203125,
          "meanIoU": 0.918911641233686,
          "temporalChangeStdDevPercent": 0.24757187134707728,